account_id,last_name,first_name,middle_name,phone
1580673311,Борисов,Сергей,Борисович,498
1580673954,Васильев,Петр,Петрович,999
827346,Путин,Владимир,Владимирович,111 999
276345,Антонов,Филипп,Антонович,000
273654,Губина,Катя,Васильевна,234
204997,Сидоров,Петр,Иванович,199
876981,Кукушкин,Петр,Петрович,987
234679,Пущин,Александр,Сергеевич,332 657
249692,Толстой,Лев,Николаевич,345
298345,Гоголь,Николай,Васильевич,112
987263,Свиридов,Сергей,Иванович,
207668,Чайковский,Петр,Ильич,376
297623,Грибоедов,Александр,Сергеевич,374
287877,Высоцкий,Владимир,Семенович,236 347
776283,Шамкуть,Денис,Анатольевич,333
993747,Гришин,Федор,Филиппович,184
1579622294,Пупкин,Василий,Васильевич,223
1580674037,Рахманинов,Сергей,Сергеевия,576
1580674678,Петров,Сергей,Васильевич,387
1580674776,Деревянко,Роман,Астапович,119
1580674835,Гришин,Сергей,Александрович,399
1580719176,Тарасов,Сергей,Викторович,987
1580731830,Ведерников,Филипп,Петрович,232
1581685643,Губин,Игорь,Васильевич,123
